ID,USERNAME,FIRST_NAME,LAST_NAME
1,user,user,user
2,admin,admin,admin
3,dev,dev,dev
4,smolina,Sharice,Molina
5,mmazon,Miki,Mazon
6,aheesch,Alecia,Heesch
7,ccastiglione,Cira,Castiglione
8,sbrownfield,Song,Brownfield
9,shagel,Sanda,Hagel
10,rgoode,Roger,Goode
11,tpleiman,Tisha,Pleiman
12,ccupit,Charissa,Cupit
13,osipp,Otis,Sipp
14,jronan,Janette,Ronan
15,iwasserman,Ilene,Wasserman
16,snetto,Selina,Netto
17,hslaten,Hilary,Slaten
18,ddunnam,Deloise,Dunnam
19,jbergfeld,Jeanene,Bergfeld
20,ddelcastillo,Dewey,Delcastillo
21,misenberg,Mauricio,Isenberg
22,eheyman,Esther,Heyman
23,plackey,Pamelia,Lackey
24,ependelton,Ellan,Pendelton
25,npounders,Nancee,Pounders
26,msinkler,Milan,Sinkler
27,stardif,Shirleen,Tardif
28,lsibley,Leeanne,Sibley
29,vhungerford,Vern,Hungerford
30,bstrong,Bettyann,Strong
31,dferris,Dona,Ferris
32,vcoder,Vena,Coder
33,mlint,Maisha,Lint
34,rbrodeur,Rosenda,Brodeur
35,mbocanegra,Melaine,Bocanegra
36,zsowinski,Zandra,Sowinski
37,lellingson,Luvenia,Ellingson
38,rspiess,Rosario,Spiess
39,imaas,Indira,Maas
40,cumstead,Coretta,Umstead
41,lcammarata,Liz,Cammarata
42,jpayson,Janett,Payson
43,sbeaird,Sari,Beaird
44,thousand,Treva,Housand
45,gkincannon,Garret,Kincannon
46,cmei,Cristobal,Mei
47,imancuso,Inga,Mancuso
48,cmcpartland,Christina,Mcpartland
49,ctorrey,Chris,Torrey
50,dfitzhugh,Dori,Fitzhugh
51,skershner,Stephnie,Kershner
52,amartinsen,Aide,Martinsen
53,msilver,Maybelle,Silver
54,emanzo,Elene,Manzo
55,jbrixey,James,Brixey
56,kwiser,Kelle,Wiser
57,depperly,Darell,Epperly
58,gleith,Gillian,Leith
59,jstiefel,Jolyn,Stiefel
60,lcahn,Letha,Cahn
61,lbinford,Lashunda,Binford
62,dnickel,Dwight,Nickel
63,lpaff,Lacresha,Paff
64,ywinger,Yoshie,Winger
65,jfabrizio,Jeannine,Fabrizio
66,thornyak,Tina,Hornyak
67,jbriner,Julie,Briner
68,dmckinnie,Deedee,Mckinnie
69,hcram,Hollie,Cram
70,cpuma,Celina,Puma
71,echarney,Emilio,Charney
72,nwarfel,Nigel,Warfel
73,kserrata,Kizzy,Serrata
74,sgoodpasture,Sherrell,Goodpasture
75,gfegley,Gilbert,Fegley
76,mtomita,Mariela,Tomita
77,kazure,Ka,Azure
78,tdunnigan,Tara,Dunnigan
79,eengelking,Ellie,Engelking
80,criemer,Cheri,Riemer
81,bharman,Bertha,Harman
82,dburgamy,Dan,Burgamy
83,ewellborn,Elizbeth,Wellborn
84,etwersky,Emelda,Twersky
85,natterberry,Natisha,Atterberry
86,rrolls,Rosemary,Rolls
87,mtufts,Mariam,Tufts
88,fwesolowski,Freda,Wesolowski
89,bwylie,Beryl,Wylie
90,mdurant,Marylyn,Durant
91,pmoye,Paz,Moye
92,mmarinelli,Mendy,Marinelli
93,sposs,Sana,Poss
94,fbrobst,Francisca,Brobst
95,cjudon,Carry,Judon
96,raultman,Renna,Aultman
97,bpickett,Barabara,Pickett
98,wlaiche,Waltraud,Laiche
99,tsuh,Truman,Suh
100,fphares,Floy,Phares
101,lhilty,Lahoma,Hilty
102,hfeinstein,Hannah,Feinstein
103,rmingo,Rozanne,Mingo
104,rpraylow,Rebbeca,Praylow
105,tmoorhouse,Tomas,Moorhouse
106,lbirchfield,Linsey,Birchfield
107,llumb,Lizette,Lumb
108,bcubbage,Buck,Cubbage
109,gchamp,Geneva,Champ
110,lstark,Lory,Stark
111,azeringue,Anton,Zeringue
112,aencinas,Antony,Encinas
113,rlew,Richard,Lew
114,sfarrel,Sharyl,Farrel
115,istoller,Isiah,Stoller
116,sarroyo,Sabra,Arroyo
117,tbrownlee,Tobias,Brownlee
118,medgecomb,Marilyn,Edgecomb
119,mvalladares,Marjorie,Valladares
120,sheinz,Sirena,Heinz
121,tlough,Tierra,Lough
122,gjarman,Giuseppe,Jarman
123,nrady,Neda,Rady
124,crominger,Cornelius,Rominger
125,sbash,Sean,Bash
126,hclimer,Hassan,Climer
127,jkobel,Janette,Kobel
128,kmillwood,Karan,Millwood
129,abreiner,Ashleigh,Breiner
130,jlillis,Julee,Lillis
131,khamel,Korey,Hamel
132,lstotz,Lissette,Stotz
133,mwesley,Maxima,Wesley
134,kfournier,Karina,Fournier
135,dwhitsitt,Darcey,Whitsitt
136,sboney,Shara,Boney
137,tdelman,Terrilyn,Delman
138,rpendergast,Rosalind,Pendergast
139,alobaugh,Antonetta,Lobaugh
140,pgriffen,Providencia,Griffen
141,jnez,Jestine,Nez
142,mwedding,Mira,Wedding
143,bbodden,Betsy,Bodden
144,bstang,Bong,Stang
145,hsommer,Han,Sommer
146,cmorant,Cassi,Morant
147,mstoudt,Marianne,Stoudt
148,lhysmith,Lynsey,Hysmith
149,kshaeffer,Kasey,Shaeffer
150,sprovost,Sana,Provost
151,wseal,Wilburn,Seal
152,mdelong,Martha,Delong
153,aweibel,Alverta,Weibel
154,bfranceschi,Bari,Franceschi
155,ashuman,Alyssa,Shuman
156,lmarcos,Louella,Marcos
157,jsosebee,Jordan,Sosebee
158,jfullenwider,Jene,Fullenwider
159,lfowkes,Lurlene,Fowkes
160,tmcbeth,Tomeka,Mcbeth
161,amontoya,Angla,Montoya
162,kbeach,Ka,Beach
163,jtassin,Jeremy,Tassin
164,cdemelo,Cyrus,Demelo
165,lcudney,Love,Cudney
166,coyler,Chanel,Oyler
167,bphillippe,Bess,Phillippe
168,dugalde,Danette,Ugalde
169,wwillms,Wendy,Willms
170,tgiddings,Tenisha,Giddings
171,zgarriga,Zachery,Garriga
172,dsarno,Danny,Sarno
173,etessier,Elda,Tessier
174,cjolliff,Charline,Jolliff
175,cclodfelter,Callie,Clodfelter
176,dreeser,Despina,Reeser
177,cboyle,Cinderella,Boyle
178,lpaules,Lisa,Paules
179,kfregoe,Kenya,Fregoe
180,bmatney,Barrie,Matney
181,kbingman,Kimberely,Bingman
182,gesperanza,Gayle,Esperanza
183,rbettinger,Rona,Bettinger
184,drowles,Dierdre,Rowles
185,tbehrendt,Toney,Behrendt
186,sbroadway,Simona,Broadway
187,aholtzclaw,Arnette,Holtzclaw
188,ldiemer,Lorrie,Diemer
189,ftowers,Florene,Towers
190,rince,Rena,Ince
191,dnaber,Dominica,Naber
192,dlammert,Divina,Lammert
193,rkinsella,Raye,Kinsella
194,tkelton,Torrie,Kelton
195,mastle,Mikki,Astle
196,ecanavan,Everett,Canavan
197,mpinero,Marlon,Pinero
198,shamby,So,Hamby
199,jbraxton,Jaime,Braxton
200,ddigregorio,Diane,Digregorio
201,sgroce,Sally,Groce
202,earnot,Eden,Arnot
203,agibby,Annelle,Gibby
204,dtatro,Donte,Tatro
205,hboehm,Hoa,Boehm
206,lvanwingerden,Ligia,Vanwingerden
207,bkhouri,Bula,Khouri
208,hgammill,Hiram,Gammill
209,qvoorhees,Queenie,Voorhees
210,tfuentez,Tiana,Fuentez
211,frighter,Fannie,Righter
212,ktadlock,Karrie,Tadlock
213,tliddell,Trey,Liddell
214,lbolding,Lashay,Bolding
215,vmckeen,Vasiliki,Mckeen
216,nbeaudreau,Nannette,Beaudreau
217,gstovall,Guillermo,Stovall
218,barmagost,Brunilda,Armagost
219,ldenardo,Leandra,Denardo
220,rcullens,Rochel,Cullens
221,mbosarge,Merideth,Bosarge
222,efleischmann,Edie,Fleischmann
223,swoolley,Shani,Woolley
224,thouseknecht,Tifany,Houseknecht
225,shumphrey,Sueann,Humphrey
226,rvargo,Rocio,Vargo
227,dcasebeer,Dinorah,Casebeer
228,avise,Addie,Vise
229,lmartell,Lee,Martell
230,amessick,Asha,Messick
231,lsciacca,Lily,Sciacca
232,ryale,Rafael,Yale
233,tkrejci,Tajuana,Krejci
234,hmontemayor,Hortense,Montemayor
235,cwinchell,Colette,Winchell
236,alaber,Ana,Laber
237,nhaga,Nicki,Haga
238,smcintosh,Shantay,Mcintosh
239,tpreiss,Tony,Preiss
240,kdeangelo,Kristyn,Deangelo
241,ghamner,Gertude,Hamner
242,kpolicastro,Kendra,Policastro
243,imosher,Ingeborg,Mosher
244,sguzik,Stasia,Guzik
245,ldressler,Latonya,Dressler
246,chendrie,Carolann,Hendrie
247,himel,Hillary,Imel
248,dleathers,Doyle,Leathers
249,cmckinstry,Christena,Mckinstry
250,gshenk,Georgeann,Shenk
251,smcclendon,Shelly,Mcclendon
252,mbessey,Marcellus,Bessey
253,lcrigler,Lani,Crigler
254,grafael,Genesis,Rafael
255,kansell,Ken,Ansell
256,mwalburn,Michel,Walburn
257,hbrass,Hai,Brass
258,ncromartie,Ned,Cromartie
259,wlunday,Willene,Lunday
260,ekeener,Eleanora,Keener
261,ufulgham,Usha,Fulgham
262,ahasbrouck,Arlette,Hasbrouck
263,mbeaton,Marybelle,Beaton
264,mrieves,Marshall,Rieves
265,aalbino,April,Albino
266,czirbel,Cordie,Zirbel
267,icybulski,Iluminada,Cybulski
268,lcrocket,Loan,Crocket
269,vhammon,Vikki,Hammon
270,eyadon,Enedina,Yadon
271,mbyard,Mirtha,Byard
272,fkimble,Frank,Kimble
273,kclayborn,Karey,Clayborn
274,bwelsh,Brad,Welsh
275,lbarley,Lucila,Barley
276,cmarquess,Cameron,Marquess
277,kcalvert,Kiesha,Calvert
278,lkish,Lacresha,Kish
279,cclyde,Carie,Clyde
280,cmcgillivray,Colby,Mcgillivray
281,slenton,Shirly,Lenton
282,bkindig,Beau,Kindig
283,afrum,Angelica,Frum
284,lbrazeal,Loma,Brazeal
285,kcollelo,Karma,Collelo
286,earmstrong,Eloy,Armstrong
287,tbohan,Thaddeus,Bohan
288,ppearlman,Piper,Pearlman
289,mspecht,Mica,Specht
290,dreiber,Dian,Reiber
291,nmara,Nola,Mara
292,gniemiec,Gita,Niemiec
293,rschiavo,Rosalinda,Schiavo
294,vsones,Virginia,Sones
295,ababineau,Azucena,Babineau
296,gweiser,Gustavo,Weiser
297,dyadon,Danuta,Yadon
298,thannibal,Tara,Hannibal
299,ghirai,Gisela,Hirai
300,peuell,Portia,Euell
301,wybarbo,Wynona,Ybarbo
302,bche,Blake,Che
303,elavelle,Ela,Lavelle
304,flag-e44f8b782f05a2fd5fdd10f7c81e68f3,Flag,e44f8b782f05a2fd5fdd10f7c81e68f3
